﻿Country Name,Country Code,Series Name,Series Code,1990,2000,2008,2009,2010,2011,2012,2013,2014,2015,2016,2017
Brazil,BRA,"Population, total",SP.POP.TOTL,149352145,175287587,192979029,194895996,196796269,198686688,200560983,202408632,204213133,205962108,207652865,..
Brazil,BRA,Population growth (annual %),SP.POP.GROW,1.79718857171446,1.45290130985506,1.01686459142158,0.988453746375053,0.970296367127195,0.956012573780753,0.938920327153704,0.917022961079203,0.887563333488748,0.85279920625178,0.817555711392756,..
Brazil,BRA,Surface area (sq. km),AG.SRF.TOTL.K2,8515770,8515770,8515770,8515770,8515770,8515770,8515770,8515770,8515770,8515770,8515770,..
Brazil,BRA,Population density (people per sq. km of land area),EN.POP.DNST,17.8690647679986,20.9720807500233,23.0887528804255,23.3181061815189,23.545462148277,23.7716391445944,23.9958870035678,24.2169468326685,24.4328442691795,24.6420983615972,24.844387028693,..
Brazil,BRA,Poverty headcount ratio at national poverty lines (% of population),SI.POV.NAHC,..,..,14.1,13.3,..,11.1,9,8.9,7.4,8.7,..,..
Brazil,BRA,Poverty headcount ratio at $1.90 a day (2011 PPP) (% of population),SI.POV.DDAY,20.6,..,6.3,6.2,..,5.5,4.6,4.9,3.7,4.3,..,..
Brazil,BRA,"GNI, Atlas method (current US$)",NY.GNP.ATLS.CD,407396519747.757,675790071743.056,1427422480318.88,1572437652025.88,1890904845249.3,2188200581098.8,2463186159138.32,2575918997856.46,2454069361801.4,2076103123509.65,1835992814344.6,..
Brazil,BRA,"GNI per capita, Atlas method (current US$)",NY.GNP.PCAP.CD,2730,3860,7400,8070,9610,11010,12280,12730,12020,10080,8840,..
Brazil,BRA,"GNI, PPP (current international $)",NY.GNP.MKTP.PP.CD,972035375218.884,1511051258856.25,2436504813396.97,2453759521538.21,2721058176042.06,2897463706878.94,3022405795433.05,3193186449403.82,3241115177837.51,3146790493171.4,3075469772688.49,..
Brazil,BRA,"GNI per capita, PPP (current international $)",NY.GNP.PCAP.PP.CD,6510,8620,12630,12590,13830,14580,15070,15780,15870,15280,14810,..
Brazil,BRA,Income share held by lowest 20%,SI.DST.FRST.20,2.3,..,3.1,3.2,..,3.3,3.4,3.3,3.6,3.6,..,..
Brazil,BRA,"Life expectancy at birth, total (years)",SP.DYN.LE00.IN,65.3403170731707,70.0163902439024,73.0686585365854,73.4230975609756,73.7695609756098,74.100512195122,74.4104390243903,74.6963414634146,74.958243902439,75.1991219512195,..,..
Brazil,BRA,"Fertility rate, total (births per woman)",SP.DYN.TFRT.IN,2.909,2.3,1.851,1.824,1.805,1.79,1.777,1.765,1.753,1.74,..,..
Brazil,BRA,"Adolescent fertility rate (births per 1,000 women ages 15-19)",SP.ADO.TFRT,80.2646,81.9998,70.3938,69.9066,69.4194,68.9322,68.445,67.8778,67.3106,66.7434,..,..
Brazil,BRA,"Contraceptive prevalence, any methods (% of women ages 15-49)",SP.DYN.CONU.ZS,..,..,..,..,..,..,..,..,..,..,..,..
Brazil,BRA,Births attended by skilled health staff (% of total),SH.STA.BRTC.ZS,..,98.6,98.8,98.9,98.9,99,99,99.1,..,..,..,..
Brazil,BRA,"Mortality rate, under-5 (per 1,000 live births)",SH.DYN.MORT,64.2,35.8,21.9,20.8,19.8,18.9,18,17.2,16.4,15.7,15.1,..
Brazil,BRA,"Prevalence of underweight, weight for age (% of children under 5)",SH.STA.MALN.ZS,..,..,..,..,..,..,..,..,..,..,..,..
Brazil,BRA,"Immunization, measles (% of children ages 12-23 months)",SH.IMM.MEAS,78,99,99,99,99,99,99,98,97,96,96,..
Brazil,BRA,"Primary completion rate, total (% of relevant age group)",SE.PRM.CMPT.ZS,..,..,..,..,..,..,..,..,..,..,..,..
Brazil,BRA,"School enrollment, primary (% gross)",SE.PRM.ENRR,..,..,132.055206298828,131.165161132813,..,132.496612548828,130.376022338867,109.770492553711,111.063873291016,115.340789794922,..,..
Brazil,BRA,"School enrollment, secondary (% gross)",SE.SEC.ENRR,..,..,96.7201232910156,96.6654815673828,..,95.2633819580078,95.5837326049805,101.868072509766,101.950897216797,99.6509704589844,..,..
Brazil,BRA,"School enrollment, primary and secondary (gross), gender parity index (GPI)",SE.ENR.PRSC.FM.ZS,..,..,1.03873002529144,1.04416000843048,..,1.02593004703522,1.035640001297,1.02957999706268,1.02913999557495,1.01794004440308,..,..
Brazil,BRA,"Prevalence of HIV, total (% of population ages 15-49)",SH.DYN.AIDS.ZS,0.2,0.3,0.5,0.5,0.5,0.5,0.5,0.6,0.6,0.6,0.6,..
Brazil,BRA,Forest area (sq. km),AG.LND.FRST.K2,5467050,5212740,5017684,5001132,4984580,4974740,4964900,4955060,4945220,4935380,..,..
Brazil,BRA,Terrestrial and marine protected areas (% of total territorial area),ER.PTD.TOTL.ZS,4.73,10.22,..,..,..,..,..,..,20.37,..,..,..
Brazil,BRA,"Annual freshwater withdrawals, total (% of internal resources)",ER.H2O.FWTL.ZS,..,..,..,..,..,..,1.32185126302773,..,1.32185126302773,..,..,..
Brazil,BRA,Improved water source (% of population with access),SH.H2O.SAFE.ZS,88.5,93.5,96.2,96.5,96.9,97.2,97.5,97.8,98.1,98.1,..,..
Brazil,BRA,Improved sanitation facilities (% of population with access),SH.STA.ACSN,66.6,74.7,79.4,79.9,80.5,81.1,81.6,82.1,82.7,82.8,..,..
Brazil,BRA,Urban population growth (annual %),SP.URB.GROW,2.86206319693792,2.31382438102118,1.37691931677071,1.34007790812606,1.31594516325488,1.29692631633824,1.26689766870033,1.23453593736665,1.19470762982234,1.14966679816042,1.10423578571945,..
Brazil,BRA,Energy use (kg of oil equivalent per capita),EG.USE.PCAP.KG.OE,938.767548333504,1069.33746540763,1288.11728553158,1233.75363237324,1351.02889577647,1359.12235851453,1404.75527086941,1451.16780395018,1484.9266378965,..,..,..
Brazil,BRA,CO2 emissions (metric tons per capita),EN.ATM.CO2E.PC,1.39862060903109,1.87111831255912,2.00867025815536,1.88381178441449,2.13293757108779,2.21158723527567,2.3435701150308,2.48841718370983,2.59438828549778,..,..,..
Brazil,BRA,Electric power consumption (kWh per capita),EG.USE.ELEC.KH.PC,1457.34766648313,1891.97082164181,2218.88358656836,2185.74526282213,2361.05594054733,2416.46284828101,2485.58813655196,2551.40798540647,2601.36550571407,..,..,..
Brazil,BRA,GDP (current US$),NY.GDP.MKTP.CD,461951782000,655421153320.579,1695824517395.57,1667019605881.76,2208871646202.82,2616201578192.25,2465188674415.03,2472806919901.67,2455993200170,1803652649613.75,1796186586414.45,..
Brazil,BRA,GDP growth (annual %),NY.GDP.MKTP.KD.ZG,-3.10235594875039,4.11256490969872,5.09434227022555,-0.125873061539252,7.52822356216525,3.97442540629392,1.9211503175375,3.00486535886174,0.503961790897151,-3.7692526693952,-3.59473919629714,..
Brazil,BRA,"Inflation, GDP deflator (annual %)",NY.GDP.DEFL.KD.ZG,2700.44214011056,5.88542918109684,8.77839515254186,7.31353998190154,8.42335217256449,8.31858979475497,7.94315412618023,7.50451997865365,7.84668458883699,7.9020523787274,8.33256679010704,..
Brazil,BRA,"Agriculture, value added (% of GDP)",NV.AGR.TOTL.ZS,8.1,5.52327779964822,5.4084574824318,5.23594601935179,4.84228724370542,5.10751221421216,4.9018638049034,5.27671638382348,5.02691377156184,4.97164230560967,5.45206965038509,..
Brazil,BRA,"Industry, value added (% of GDP)",NV.IND.TOTL.ZS,38.69,26.7490589784413,27.3334376555076,25.5888737375261,27.3751680372043,27.1749656830162,26.0286904174846,24.8503654123186,23.7916252491336,22.3452190613218,21.2429537549131,..
Brazil,BRA,"Services, etc., value added (% of GDP)",NV.SRV.TETC.ZS,53.21,67.7276632219104,67.2580667882743,69.175180243122,67.782574996064,67.7174952243821,69.0694702020561,69.872896243983,71.1815011986366,72.6831580342209,73.3049765947018,..
Brazil,BRA,Exports of goods and services (% of GDP),NE.EXP.GNFS.ZS,8.19999001540815,10.1881171852392,13.5340084243278,10.8513581749268,10.7381736851708,11.4661380108044,11.703054773239,11.6302008826962,11.0119620304858,12.8892212275763,12.4882577416727,..
Brazil,BRA,Imports of goods and services (% of GDP),NE.IMP.GNFS.ZS,6.9617655463444,12.4516613807269,13.7236024275493,11.2545937806308,11.779207982198,12.235494981928,13.0622502471567,13.9316781637998,13.6734653618857,14.0666923086666,12.1254624499054,..
Brazil,BRA,Gross capital formation (% of GDP),NE.GDI.TOTL.ZS,20.166606912234,18.9031209422455,21.6193758897268,18.7961497000185,21.801347299572,21.8262939569718,21.4172045958677,21.6937856962397,20.5483970103922,17.6114043794492,15.4458467869655,..
Brazil,BRA,"Revenue, excluding grants (% of GDP)",GC.REV.XGRT.GD.ZS,22.7527878853185,19.5546489959666,27.0091884276914,23.9755596919208,28.7504057502032,28.8551102326924,29.1027329236288,28.1845865888157,26.8632157265343,28.8095905667373,..,..
Brazil,BRA,Time required to start a business (days),IC.REG.DURS,..,..,..,..,..,..,..,86.6,83.6,83,79.5,79.5
Brazil,BRA,Domestic credit provided by financial sector (% of GDP),FS.AST.DOMS.GD.ZS,87.6272265457905,70.6811902718893,85.9087810884461,90.4749612121781,93.3887029495729,95.1554468543532,101.064049187409,100.045938658098,103.440554767934,106.977794222803,111.190914722508,..
Brazil,BRA,Tax revenue (% of GDP),GC.TAX.TOTL.GD.ZS,12.0091242848293,13.7748451715991,15.4928141750458,14.4175330681699,13.623447382748,14.2201231457951,13.6514575347955,13.4416902618947,12.7616891016083,12.814636410182,..,..
Brazil,BRA,Military expenditure (% of GDP),MS.MIL.XPND.GD.ZS,2.36388307730351,1.73072480616599,1.44192413474423,1.5386258606635,1.53940698128362,1.41185115924524,1.37865646470437,1.32944608382557,1.33024465335583,1.36442825783942,1.3179413409671,..
Brazil,BRA,Mobile cellular subscriptions (per 100 people),IT.CEL.SETS.P2,0.000445712,13.28797717,78.5549801,87.54187651,100.8810115,119.0023853,125.0018521,135.3050481,138.9514906,126.5922645,118.922999,..
Brazil,BRA,High-technology exports (% of manufactured exports),TX.VAL.TECH.MF.ZS,6.4608784933595,18.7272598749131,11.6469356522228,13.1972778587211,11.2076318528468,9.72019416244045,10.4927030694402,9.63455019027836,10.6149904729823,12.3050408206255,..,..
Brazil,BRA,Statistical Capacity score (Overall average),IQ.SCI.OVRL,..,..,86.6666666666667,86.6666666666667,83.3333333333333,84.4444444444444,78.8888888888889,75.5555555555556,75.5555555555556,72.2222333333333,76.6666666666667,74.4444333333333
Brazil,BRA,Merchandise trade (% of GDP),TG.VAL.TOTL.GD.ZS,11.6761103867763,17.4145737319791,22.4268133936458,17.1966585748922,17.8123523237019,18.8442474811385,19.3079055140859,19.9202532165183,18.9030124337423,20.5120758744333,18.3028869320453,..
Brazil,BRA,Net barter terms of trade index (2000 = 100),TT.PRI.MRCH.XD.WD,66.4429530201,100,110.0856075186,107.2764693743,124.445803202,134.1584342709,126.3309539778,123.7563748654,119.5613589356,106.4117832519,..,..
Brazil,BRA,"External debt stocks, total (DOD, current US$)",DT.DOD.DECT.CD,120311880000,242511682000,262957242000,281651132000,352364412000,404046105000,440514543000,483765356000,556920799000,543397349000,543257252000,..
Brazil,BRA,"Total debt service (% of exports of goods, services and primary income)",DT.TDS.DECT.EX.ZS,22.6383654031437,87.0046139166946,23.4712959527755,23.4889496300639,18.3704741528995,18.7267798948583,15.6882060032419,28.1201007353883,22.450957870396,38.1019694893755,51.2455349024176,..
Brazil,BRA,Net migration,SM.POP.NETM,..,..,..,..,..,..,15924,..,..,..,..,..
Brazil,BRA,"Personal remittances, received (current US$)",BX.TRF.PWKR.CD.DT,573000000,1349591000,3642585000,2889159500,3082801866.11,3214602242.94,2784072055.49,2717675068.66,2647908513.04,2896909951.71,2739786526.59,..
Brazil,BRA,"Foreign direct investment, net inflows (BoP, current US$)",BX.KLT.DINV.CD.WD,989000000,32994718699.75,50716402711.4787,31480932200,88452079263.99,101157817518.34,86606502980.75,69181422946.63,96894980842.28,74693632858.27,78928533471.72,..
Brazil,BRA,Net official development assistance and official aid received (current US$),DT.ODA.ALLD.CD,151060000,241070000,452370000,353690000,448670000,821070000,1288540000,1155780000,914150000,998710000,..,..
,,,,,,,,,,,,,,,
,,,,,,,,,,,,,,,
,,,,,,,,,,,,,,,
Data from database: World Development Indicators,,,,,,,,,,,,,,,
Last Updated: 11/21/2017,,,,,,,,,,,,,,,
