Country Name,Country Code,1985,1986,1987,1988,1989,1990,1991,1992,1993,1994,1995,1996,1997,1998,1999,2000,2001,2002,2003,2004,2005,2006,2007,2008,2009,2010,2011,2012,2013,2014,2015,2016,2017
Aruba,ABW,30723,30589,30262,29975,30039,30658,31929,33753,35871,37915,39616,40906,41836,42520,43149,43841,44646,45486,46310,47025,47575,47936,48137,48249,48341,48467,48649,48876,49127,49378,49598,49799,
Afghanistan,AFG,6018078,5926288,5874818,5893319,6017386,6267967,6666301,7195469,7791066,8363390,8849356,9219569,9495939,9729038,9995063,10346986,10803963,11342077,11919887,12476432,12969247,13381926,13732622,14054874,14398315,14797694,15264598,15784301,16333412,16876928,17389625,17864423,
Angola,AGO,5186190,5339056,5484781,5629707,5782990,5951053,6137180,6339072,6550825,6763717,6972032,7173636,7372303,7575412,7793313,8033545,8298798,8587105,8895760,9220109,9556746,9904946,10265910,10640262,11029120,11433115,11852498,12286368,12732763,13189103,13653564,14125405,
Albania,ALB,1522080,1552819,1585881,1617007,1659149,1683244,1661987,1636420,1609515,1585907,1569137,1560944,1559800,1562331,1563784,1560981,1548466,1542010,1531950,1521004,1510064,1499018,1487273,1476369,1467513,1461599,1459381,1459114,1458648,1457453,1454334,1452292,
Andorra,AND,,,,,,,,,,,,,,,,,,,,,,,,,,,,,,,,,
Arab World,ARB,98294965,101287129,104327021,107404525,110506415,114621554,117800551,119899678,123151710,126324186,130306661,133224277,136065591,138863468,141726120,144718354,147851480,151122471,154562558,158204457,162065758,166162755,170476001,174946300,179477763,184000856,188495044,192963246,197395503,201789533,206144145,210445642,
United Arab Emirates,ARE,905152,954953,1013303,1078713,1148450,1220563,1296259,1376729,1460087,1543778,1626755,1711675,1802259,1900361,2008095,2129352,2253656,2385700,2561550,2829292,3217402,3746924,4391574,5074498,5689598,6161490,6461097,6612594,6659495,6669991,6694720,6744664,
Argentina,ARG,14939405,15161574,15382934,15603797,15825067,16047204,16270360,16493560,16714908,16931906,17142953,17347100,17545244,17739822,17934338,18131323,18331826,18535209,18740331,18945315,19148908,19350590,19551139,19752158,19955888,20163793,20376426,20592912,20811443,21029519,21245214,21457908,
Armenia,ARM,1628364,1655207,1683008,1706506,1718649,1714815,1692673,1654929,1608294,1562321,1524013,1495573,1475292,1461447,1450802,1440918,1431977,1424809,1418253,1410904,1401871,1390331,1376748,1363148,1352359,1346351,1345834,1349909,1356932,1364486,1370758,1375250,
American Samoa,ASM,,,,,,,,,,,,,,,,,,,,,,,,,,,,,,,,,
Antigua and Barbuda,ATG,33889,33367,32848,32430,32203,32250,32600,33233,34048,34933,35781,36559,37290,37992,38686,39389,40103,40812,41504,42160,42782,43343,43876,44378,44873,45370,45874,46390,46911,47425,47939,48454,
Australia,AUS,7867239,7996720,8118032,8249922,8387930,8509474,8614154,8714049,8794741,8885029,8992313,9113662,9221263,9324319,9437479,9555006,9686738,9805864,9927012,10043018,10178569,10334386,10405323,10622124,10847186,11017251,11166980,11352999,11537438,11699505,11856532,12021005,
Austria,AUT,3596364,3602463,3608671,3618029,3639196,3672618,3715871,3764035,3802473,3824118,3836304,3847121,3856495,3865064,3876199,3888395,3905356,3925924,3945945,3971306,3999505,4020734,4035484,4050212,4063307,4075960,4093052,4115499,4143562,4177870,4226380,4285735,
Azerbaijan,AZE,3268405,3321891,3376320,3431352,3486555,3500489,3553815,3606982,3661399,3710633,3753172,3790889,3827454,3864371,3899994,3935204,3970493,4006311,4043667,4086139,4134503,4185803,4238519,4333036,4428396,4485924,4549357,4614743,4679119,4741751,4801853,4860704,
Burundi,BDI,2280325,2351043,2426209,2502660,2576113,2643521,2704364,2759694,2810095,2856713,2900889,2942267,2981944,3024545,3076038,3140702,3220362,3313961,3419201,3532388,3650631,3773714,3902143,4034473,4169101,4304966,4441017,4577647,4716987,4862157,5015273,5177062,
Belgium,BEL,4818768,4821284,4826362,4842768,4861369,4876707,4895500,4915880,4935471,4950976,4961594,4971479,4983657,4994557,5006580,5019740,5038558,5063146,5086571,5110738,5140743,5176328,5215888,5258411,5301687,5350771,5425290,5464177,5490864,5505482,5541882,5585783,
Benin,BEN,2072577,2135321,2200613,2269539,2343544,2423543,2510181,2602819,2699502,2797457,2894761,2990565,3085567,3181233,3279808,3382860,3490952,3603444,3719314,3836993,3955403,4074234,4194025,4315621,4440262,4568836,4701592,4838309,4978823,5122843,5270127,5420681,
Burkina Faso,BFA,3775648,3873859,3975820,4081648,4191546,4305690,4424199,4547104,4674454,4806274,4942640,5083686,5229682,5381022,5538202,5701658,5871498,6047906,6231413,6422634,6622001,6829730,7045682,7269411,7500235,7737622,7981444,8231713,8488178,8750599,9018776,9292562,
Bangladesh,BGD,47657795,48964831,50292949,51629657,52959323,54270961,55556368,56818053,58068797,59327823,60607850,61908996,63222337,64540091,65851128,67144693,68424897,69687123,70901945,72031407,73051455,73946800,74732913,75454664,76175414,76941068,77768403,78645073,79552351,80459145,81342972,82198905,
Bulgaria,BGR,4443375,4437222,4438493,4437978,4380725,4296743,4248632,4197429,4158316,4138669,4115114,4089272,4060288,4029661,4004021,3981680,3901107,3815745,3784523,3755402,3726978,3698961,3672411,3647394,3624463,3600769,3577330,3555800,3534819,3513651,3490391,3465355,
Bahrain,BHR,239714,247705,257059,267170,277090,286170,294453,302323,309882,317315,324897,332613,340858,350778,363871,381226,402690,428002,457881,493193,534147,582041,635708,689914,737590,774051,796306,806678,812280,823306,846757,885454,
"Bahamas, The",BHS,116449,118637,120753,122842,124955,127162,129503,131950,134365,136555,138406,139829,140935,141962,143261,145097,147542,150513,153852,157311,160713,164004,167231,170374,173428,176389,179245,181974,184567,187024,189349,191536,
Bosnia and Herzegovina,BIH,2174946,2197078,2219175,2234335,2233354,2210490,2162187,2092646,2013408,1940637,1885952,1853417,1839650,1839591,1844985,1849595,1852352,1854856,1856642,1857663,1857792,1856780,1854031,1848798,1840250,1828009,1811419,1791138,1769632,1750294,1735500,1726228,
Belarus,BLR,4656356,4692754,4729721,4748401,4766670,4778366,4781766,4791663,4801233,4794613,4779054,4764284,4746193,4725847,4707116,4684213,4657329,4623104,4585022,4547723,4511062,4478373,4453195,4433893,4421023,4411603,4402881,4399404,4401400,4406803,4414950,4423747,
Belize,BLZ,83076,85417,87832,90237,92505,94571,96360,97949,99578,101597,104242,107613,111599,115968,120363,124519,128349,131946,135378,138811,142329,145962,149672,153418,157163,160869,164530,168164,171789,175429,179106,182815,
Bermuda,BMU,,,,,,,,,,,,,,,,,,,,,,,,,,,,,,,,,
Bolivia,BOL,3110675,3174770,3239077,3303939,3369810,3437041,3505691,3575685,3647060,3719850,3794027,3869632,3946560,4024468,4102888,4181460,4260052,4338688,4417338,4496071,4574931,4653862,4732823,4811868,4891071,4970471,5050069,5129856,5209865,5290137,5370711,5451584,
Brazil,BRA,67392605,68776051,70132512,71463558,72773389,74065784,75337893,76589451,77830183,79073046,80326481,81593981,82870275,84144042,85399151,86623241,87813754,88972136,90095059,91179697,92224752,93226927,94187803,95117172,96028649,96931915,97830532,98721348,99599041,100455246,101283707,102083113,
Barbados,BRB,122261,122872,123508,124143,124757,125319,125815,126263,126677,127081,127492,127921,128362,128808,129233,129637,130016,130370,130723,131102,131532,132016,132544,133098,133640,134147,134616,135048,135455,135826,136177,136498,
Brunei Darussalam,BRN,118582,121891,125367,128964,132680,136467,140364,144345,148281,151994,155368,158319,160908,163340,165891,168751,172015,175588,179329,182991,186399,189534,192429,195171,197885,200665,203524,206427,209347,212251,215098,217897,
Bhutan,BTN,240688,248658,257543,266105,272653,276084,275880,272694,268118,264412,263222,265037,269401,275940,283903,292714,302361,312899,323870,334679,344887,354266,362826,370725,378258,385612,392823,399773,406418,412657,418442,423750,
Botswana,BWA,582593,601634,620566,639474,658521,677771,697249,716843,736282,755201,773333,790649,807218,822976,837897,852004,865243,877763,890019,902629,916030,930407,945715,961880,978746,996190,1014201,1032815,1051962,1071600,1091641,1112054,
Central African Republic,CAF,1294244,1324963,1353436,1381281,1410850,1443775,1480581,1520577,1562735,1605465,1647594,1688783,1729252,1769089,1808543,1847763,1886444,1924303,1961523,1998368,2034901,2071823,2108767,2143409,2172662,2194632,2208264,2215201,2219605,2227221,2242274,2266183,
Canada,CAN,12882440,13008005,13176159,13344207,13580939,13781230,13964994,14131783,14281671,14415118,14532342,14689130,14846373,14977834,15105132,15241867,15398999,15540087,15697939,15858471,16018324,16149592,16310314,16490904,16683127,16871227,17038535,17239606,17438881,17630939,17782136,18001277,
Central Europe and the Baltics,CEB,53265861,53497476,53709919,53892078,53934464,53889476,53643227,53475348,53481269,53419861,53337948,53140219,53063364,52916510,52840338,52476812,52155744,51787091,51598601,51434672,51277386,51135548,50938015,50753409,50655949,50472958,50294675,50178456,50070017,49964114,49849372,49714051,
Switzerland,CHE,3152410,3170239,3191567,3216370,3243584,3277968,3319861,3357102,3388076,3415348,3438373,3453728,3462227,3472765,3489693,3509827,3532690,3560269,3587920,3614448,3640276,3666645,3703751,3755812,3807911,3852549,3900234,3946311,3996107,4048932,4098592,4145763,
Channel Islands,CHI,65032,65747,66482,67200,67849,68397,68822,69139,69403,69672,70008,70424,70899,71429,71998,72590,73194,73831,74491,75154,75816,76494,77168,77825,78438,79008,79517,79975,80392,80790,81191,81592,
Chile,CHL,6001655,6103043,6207998,6315483,6424019,6532457,6640398,6747792,6854152,6959036,7062089,7163054,7261830,7358467,7453148,7546045,7637058,7726202,7813920,7900802,7987253,8073485,8159356,8244468,8328264,8410313,8490472,8568890,8645811,8721602,8796511,8870613,
China,CHN,539244515,547311204,556154832,565190587,573946550,582470121,590531742,597891229,604889315,611842204,618586032,625140432,631590489,637697691,643281642,648445282,653289427,657832960,662117402,666239967,670338757,674246565,677920041,681538500,685073651,688532785,691988818,695519169,699105548,702781045,706463193,710373422,
Cote d'Ivoire,CIV,5326486,5530754,5734737,5940604,6151526,6369485,6594638,6825336,7059469,7294128,7526739,7757897,7987022,8209188,8418099,8609932,8782633,8939312,9087773,9238941,9401111,9576845,9765252,9966970,10181675,10408966,10649972,10905050,11171895,11447207,11728516,12014987,
Cameroon,CMR,4983715,5143115,5307364,5475447,5646035,5818117,5991574,6166530,6342538,6519194,6696373,6873890,7052392,7233672,7420122,7613609,7814743,8023497,8240243,8465225,8698515,8940453,9191007,9449398,9714511,9985476,10261999,10544144,10831843,11125150,11424071,11728500,
"Congo, Dem. Rep.",COD,14696284,15101799,15527853,15988760,16502797,17080404,17733155,18451088,19196987,19919458,20583369,21174261,21708096,22217682,22751254,23344548,24007833,24732822,25514332,26341061,27204715,28105901,29048942,30033110,31057568,32121415,33223919,34364130,35540628,36751756,37996076,39272891,
"Congo, Rep.",COG,1060748,1090921,1121486,1152586,1184402,1217098,1250707,1285274,1320954,1357939,1396357,1436449,1478242,1521449,1565639,1610578,1655862,1701800,1749730,1801471,1858181,1920572,1987860,2057802,2127248,2193987,2257191,2317625,2376720,2436627,2498947,2564076,
Colombia,COL,15424417,15747853,16069417,16388811,16705958,17020763,17332985,17642213,17947997,18249850,18547492,18840406,19128790,19413912,19697566,19980925,20264386,20547201,20827975,21104745,21375978,21641186,21900459,22153563,22400406,22640896,22874731,23101711,23321982,23535863,23743532,23945019,
Comoros,COM,177830,183111,188646,194386,200311,206384,212621,219005,225523,232131,238801,245530,252306,259141,265983,272852,279722,286625,293593,300705,308013,315524,323236,331158,339285,347625,356183,364951,373891,382950,392083,401276,
Cabo Verde,CPV,147649,150447,153034,155652,158642,162246,166554,171429,176667,181946,187043,191862,196471,200931,205370,209878,214466,219071,223621,227998,232139,235997,239624,243058,246361,249596,252762,255862,258949,262107,265365,268758,
Costa Rica,CRI,1378124,1413411,1448955,1485057,1522142,1560470,1600017,1640592,1681945,1723829,1765943,1808297,1850702,1892429,1932536,1970392,2005633,2038470,2069531,2099762,2129855,2160018,2190041,2219725,2248736,2276834,2303969,2330280,2355875,2380925,2405548,2429773,
Caribbean small states,CSS,2837160,2859417,2876652,2891295,2906831,2925754,2948935,2975535,3004287,3033305,3061076,3087345,3112605,3136923,3160502,3183594,3206066,3227905,3249342,3270742,3292321,3314134,3336145,3358336,3380706,3403185,3425787,3448438,3470830,3492504,3513170,3532693,
Cuba,CUB,5082263,5123402,5173844,5229279,5283393,5331570,5372461,5407291,5437189,5464222,5489893,5514263,5536720,5557438,5576602,5594317,5610952,5626569,5640575,5652125,5660733,5665968,5668410,5669773,5672428,5677983,5687229,5699483,5713077,5725558,5735178,5741376,
Curacao,CUW,74052,73901,73177,71965,70680,69769,69107,68681,68676,68658,68735,69133,69295,68000,65530,62850,60573,60666,61953,62989,64495,65938,66946,67459,67607,68245,69076,69580,70348,71306,72277,73247,
Cayman Islands,CYM,,,,,,,,,,,,,,,,,,,,,,,,,,,,,,,,,
Cyprus,CYP,355451,360140,366099,373085,380697,388626,396836,405363,414114,422946,431787,440540,449172,457775,466498,475424,484575,493849,503070,512006,520473,528421,535879,542863,549409,555576,561355,566746,571818,576676,581396,585992,
Czech Republic,CZE,5016533,5019378,5022058,5026078,5029152,5016169,5004867,5010937,5017259,5020232,5018301,5013655,5009543,5006056,5001999,4988766,4970324,4960655,4959561,4962868,4973660,4993580,5031263,5082444,5119837,5141037,5155439,5164338,5166319,5171631,5182047,5190466,
Germany,DEU,37135773,37209652,37337597,37561383,37927822,38321053,38653558,38990277,39281614,39449784,39598865,39748760,39842939,39885132,39945906,40032873,40130868,40227291,40277051,40294916,40298252,40278727,40250554,40199766,40123981,40088888,39378848,39479364,39613698,39805149,40176517,40683679,
Djibouti,DJI,214504,228869,246850,266206,283669,296962,305224,309376,311149,313127,317171,323828,332464,342286,352021,360763,368327,375085,381298,387368,393629,400110,406707,413469,420419,427559,434940,442543,450266,457974,465561,472981,
Dominica,DMA,,,,,,,,,,,,,,,,,,,,,,,,,,,,,,,,,
Denmark,DNK,2520502,2523723,2527114,2528795,2530923,2535725,2543044,2552242,2561570,2571086,2585390,2600969,2612718,2623106,2632607,2642115,2652166,2661119,2668794,2676194,2684203,2693803,2706664,2723614,2739334,2752727,2765401,2777215,2790167,2805496,2826216,2850381,
Dominican Republic,DOM,3268425,3337203,3406099,3475195,3544610,3614409,3684662,3755211,3825608,3895227,3963645,4030648,4096400,4161349,4226145,4291264,4356819,4422645,4488587,4554387,4619838,4684888,4749547,4813774,4877513,4940725,5003360,5065339,5126545,5186833,5246100,5304276,
Algeria,DZA,11388509,11736343,12086388,12435506,12780130,13117244,13445731,13764639,14071498,14363648,14639458,14898762,15142743,15373100,15592329,15803153,16006520,16204849,16404313,16612537,16835566,17074632,17330072,17605574,17905067,18230398,18583561,18961440,19354174,19748272,20133470,20505903,
East Asia & Pacific (excluding high income),EAP,748825257,761557443,775139803,788899018,802313047,815268185,827641036,839199684,850317117,861354161,872183114,882831837,893376382,903579567,913248171,922430825,931259391,939742981,947965047,956036207,964068569,971880525,979439179,986928022,994328057,1001644231,1008959647,1016345376,1023756848,1031214381,1038617480,1046173904,
Early-demographic dividend,EAR,919597630,942265260,965122128,988055902,1010940731,1034739084,1057404598,1079836374,1102123972,1124379354,1146716798,1169173401,1191695379,1214203055,1236660636,1259130167,1281414032,1303712441,1325973217,1348208442,1370421851,1392611894,1414793341,1436974245,1459164629,1481489548,1503787026,1525875216,1547931913,1569952025,1591909693,1613782115,
East Asia & Pacific,EAS,852985128,866540644,880888672,895395312,909570660,923246495,936366600,948608314,960376371,972125445,983757840,995192059,1006372038,1017174112,1027327969,1037042561,1046459656,1055432342,1064044771,1072428193,1080733284,1088975608,1096930546,1104996765,1112828214,1120523701,1128136995,1135863157,1143570899,1151357557,1159097951,1166959830,
Europe & Central Asia (excluding high income),ECA,176868989,178831315,180804390,182722665,184539670,185889161,186767701,187551072,188237270,188540550,188745617,188826800,189023369,189152920,189238967,189219958,189057164,188834466,188830689,188922453,189047085,189235093,189492874,189938535,190739629,191702169,192722865,193830210,195068096,196307448,197587253,198835739,
Europe & Central Asia,ECS,393235206,395835093,398489060,401169405,403847926,406115986,407813408,409540007,411056161,412006993,412795166,413433558,414150826,414775679,415451767,415956367,416619556,417420022,418551409,419830507,421133649,422448464,423971416,425680267,427461584,429173037,430250112,432073854,434213881,436410059,438672164,441050153,
Ecuador,ECU,4547264,4661019,4776888,4894605,5013814,5134168,5255513,5377636,5500051,5622146,5743436,5863887,5983431,6101535,6217567,6331205,6442042,6550522,6658157,6767042,6878671,6993592,7111360,7231181,7351809,7472292,7592413,7712362,7832095,7951665,8071065,8190175,
"Egypt, Arab Rep.",EGY,25222572,25913897,26637592,27377320,28110983,28822442,29506613,30167248,30808092,31436425,32058508,32673725,33282421,33893439,34518021,35164259,35838831,36540661,37260757,37985527,38706636,39417464,40125077,40851002,41624805,42465972,43382700,44363443,45383448,46407408,47408940,48379865,
Euro area,EMU,148731447,149158225,149640611,150216994,150931919,151688280,152290012,153021792,153667604,154136038,154562101,155000178,155415198,155796124,156258633,156839010,157518669,158371252,159313471,160265809,161157787,161959781,162837210,163658008,164204920,164603780,164254497,164618638,165173030,165741798,166310649,167042265,
Eritrea,ERI,1375247,1417558,1461559,1502949,1535945,1556852,1563799,1559237,1549204,1542146,1544362,1557460,1580041,1611647,1650854,1696285,1748564,1807426,1869342,1929647,1985023,2034079,2077700,2117672,2156877,2197504,2239823,,,,,,
Spain,ESP,18877083,18928468,18970942,19003698,19026130,19039058,19082363,19172186,19269731,19361635,19449561,19535352,19624377,19715407,19808103,19912437,20069143,20374436,20767149,21149757,21530626,21918403,22348101,22722937,22930377,23028108,23086389,23064354,22945591,22837535,22792763,22776443,
Estonia,EST,710959,717334,724185,729830,733387,733798,729162,714271,694104,677746,664904,655373,649018,644332,647619,651567,647537,642997,638205,633649,629579,625760,623061,621754,621005,620064,618663,616964,615321,614257,615225,616286,
Ethiopia,ETH,20311311,20975454,21668177,22394900,23164293,23981105,24847868,25757749,26694996,27638435,28573058,29492077,30399970,31306901,32228642,33176659,34154190,35157463,36182717,37223729,38276287,39339033,40414625,41507507,42623937,43768154,44941470,46141650,47365010,48606167,49860885,51127474,
European Union,EUU,229080678,229750658,230455517,231242427,232065894,232882661,233369657,234083940,234889809,235457089,235958294,236334834,236799024,237169159,237696155,238074412,238629656,239323117,240302274,241351861,242386743,243363990,244372258,245345611,246123684,246700182,246530225,247089355,247842188,248646024,249462952,250424886,
Fragile and conflict affected situations,FCS,114606887,117233019,119883384,122639843,125608917,129861928,133490130,137416293,141528782,145667480,149720393,153642733,157478970,161287952,165223600,169377102,173776935,178387699,183160198,188018872,192909404,197819829,202770707,207785191,212886121,218095081,223420208,228856280,234403657,240061173,245829933,251705024,
Finland,FIN,2373684,2382312,2390024,2398003,2407846,2419886,2434684,2450097,2463754,2476114,2487162,2496757,2505481,2513341,2520374,2526845,2533897,2541375,2548804,2557584,2567723,2578967,2591348,2604831,2618718,2632137,2645773,2659804,2673532,2686143,2696641,2706055,
Fiji,FJI,360521,364166,365973,366803,367879,370083,373682,378367,383744,389152,394119,398600,402747,406427,409536,412019,413757,414836,415702,416964,419045,422145,426099,430546,434944,438920,442352,445366,448103,450802,453631,456609,
France,FRA,27929877,28085392,28249352,28416254,28578630,28731195,28742174,28872028,28984051,29081136,29179287,29280158,29385099,29497513,29654612,29863224,30085762,30309625,30529201,30758440,30994426,31213958,31409818,31587991,31753829,31915282,32075615,32238070,32412314,32584757,32737505,32880918,
Faroe Islands,FRO,,,,,,,,,,,,,,,,,,,,,,,,,,,,,,,,,
"Micronesia, Fed. Sts.",FSM,43864,45024,46078,47089,48133,49273,50542,51895,53190,54261,54982,55289,55248,54977,54651,54382,54233,54172,54145,54096,53968,53767,53502,53244,53030,52899,52863,52917,53054,53245,53484,53766,
Gabon,GAB,404401,416051,428154,440645,453417,466383,479542,492908,506499,520341,534453,548923,563771,579019,594641,610674,627058,643951,661823,681272,702725,726202,751519,778556,807113,836929,868120,900385,932642,963463,991860,1017340,
United Kingdom,GBR,27486858,27548051,27605576,27666806,27739058,27822071,27907993,27983554,28051547,28125535,28204832,28283792,28366020,28460957,28571791,28693896,28828842,28979289,29144782,29340885,29570557,29813042,30067601,30324707,30573978,30834234,31096726,31334695,31566304,31825636,32099343,32368558,
Georgia,GEO,2202473,2225513,2247455,2273087,2281714,2282898,2299858,2317693,2334860,2310331,2248732,2191944,2151147,2129430,2111997,2094500,2077667,2061740,2033351,2005623,1979374,1954746,1931082,1909007,1887072,1864927,1842955,1821229,1799671,1777741,1774059,1775686,
Ghana,GHA,6460430,6658907,6852463,7043452,7236126,7433547,7636031,7842106,8051094,8261947,8473961,8687174,8902170,9119583,9340267,9564985,9794113,10027939,10267065,10512132,10763711,11021623,11286107,11558586,11840834,12133847,12438328,12753123,13075047,13399731,13723929,14046403,
Gibraltar,GIB,,,,,,,,,,,,,,,,,,,,,,,,,,,,,,,,,
Guinea,GIN,2509534,2581889,2657668,2744360,2852238,2987433,3153971,3346155,3548466,3739548,3904143,4036621,4141679,4227156,4305542,4386299,4471205,4558110,4648051,4741443,4838656,4941039,5049451,5162999,5280145,5399920,5521989,5647205,5777159,5914063,6059371,6213691,
"Gambia, The",GMB,364950,383102,402930,423439,443304,461574,477916,492629,506240,519617,533433,547768,562571,578041,594448,611939,630692,650691,671773,693649,716120,739141,762774,787066,812138,838032,864761,892281,920528,949443,978962,1009063,
Guinea-Bissau,GNB,437928,448997,459927,470871,482137,493911,506253,518967,531751,544138,555849,566771,577074,587112,597389,608283,619921,632268,645410,659399,674286,690114,706893,724620,743230,762685,782969,804047,825756,847908,870332,892963,
Equatorial Guinea,GNQ,177773,186166,193047,198991,204920,211532,218937,226966,235673,245070,255193,266132,277959,290619,304007,318062,332735,348122,364459,382079,401179,421845,443922,467244,491505,516480,542085,568265,594844,621610,648409,675138,
Greece,GRC,4926612,4943069,4959150,4976560,5002411,5056261,5118959,5160613,5193875,5222667,5249369,5274299,5301659,5331701,5351792,5372190,5397438,5413400,5421621,5429843,5440414,5451272,5459608,5468843,5478648,5482062,5471420,5440422,5400333,5363922,5328008,5290590,
Grenada,GRD,48695,48923,48678,48167,47703,47512,47660,48065,48622,49172,49586,49846,49994,50075,50140,50244,50390,50561,50759,50965,51177,51383,51603,51826,52058,52296,52543,52790,53051,53318,53582,53867,
Greenland,GRL,,,,,,,,,,,,,,,,,,,,,,,,,,,,,,,,,
Guatemala,GTM,4119489,4214044,4309179,4405334,4503173,4603180,4705709,4810687,4917724,5026188,5135768,5246157,5357873,5472359,5591531,5716737,5848517,5986323,6129000,6274837,6422517,6571632,6722383,6874884,7029448,7186235,7345140,7505811,7667927,7831098,7995002,8159448,
Guam,GUM,61506,63146,64804,66459,68068,69608,71063,72411,73672,74811,75855,76787,77604,78319,78920,79430,79848,80175,80429,80612,80746,80835,80895,80929,80972,81026,81096,81196,81357,81613,81993,82513,
Guyana,GUY,386727,382672,377825,372930,369010,366733,366477,367956,370482,373012,374780,375564,375588,375138,374668,374515,374785,375335,375958,376323,376242,375603,374553,373503,373007,373461,375006,377483,380607,383908,387050,389954,
High income,HIC,472977254,476375009,479763725,483223670,486899151,490801432,494935717,498019747,502016273,505745934,510348912,513960222,517450904,520829012,524232651,527665299,531381621,535168977,538997036,543051172,547228507,551738022,556529815,561609454,566180894,570297243,573347248,577028318,580691317,584442992,588141501,591940135,
"Hong Kong SAR, China",HKG,2809622,2835530,2855538,2871608,2893860,2895720,2912710,2930505,2974287,3034079,3085409,3214359,3229019,3243001,3260413,3275043,3284453,3283595,3261290,3270699,3268969,3274155,3286790,3291483,3284504,3295709,3306190,3334400,3340083,3356097,3376777,3386891,
Honduras,HND,2126507,2190508,2255841,2322651,2391080,2461239,2533150,2606716,2681867,2758491,2836472,2915689,2996086,3077606,3160239,3243899,3328513,3413879,3499585,3585168,3670226,3754641,3838353,3921115,4002683,4082932,4161663,4238967,4315284,4391207,4467196,4543368,
Heavily indebted poor countries (HIPC),HPC,153816779,158006025,162363751,166924552,171730247,176805573,182178322,187829820,193682363,199627361,205590233,211539084,217506976,223564337,229814193,236331436,243143777,250229371,257554504,265064806,272723533,280519257,288474540,296626819,305029008,313717671,322705940,331978470,341508301,351255175,361188884,371300577,
Croatia,HRV,2274999,2285828,2295610,2305048,2310847,2317573,2186502,2166477,2247745,2251079,2258462,2171747,2207029,2170363,2193833,2130748,2136806,2136796,2137245,2137325,2139195,2138456,2136623,2135907,2133272,2127868,2061865,2055645,2050044,2041892,2025416,2009900,
Haiti,HTI,3142242,3213720,3285161,3356549,3427996,3499598,3571201,3642668,3714150,3785867,3857961,3930526,4003439,4076446,4149149,4221292,4292723,4363563,4434216,4505248,4577043,4649688,4722963,4796582,4870111,4943181,5015713,5087692,5158827,5228812,5297422,5364482,
Hungary,HUN,5134621,5121449,5108955,5097445,5038358,4982192,4976944,4969619,4958399,4946192,4934217,4921075,4906866,4891496,4873962,4857857,4843508,4826805,4810439,4797700,4786593,4778102,4770181,4761795,4754811,4744849,4732555,4709650,4698422,4687640,4678423,4668443,
IBRD only,IBD,1604042873,1633866087,1664594836,1695453521,1725854869,1755296978,1783693951,1811112196,1837980199,1864405195,1890512473,1916287668,1942075299,1967455979,1992284395,2016249933,2039739949,2062822889,2085818354,2108732222,2131632498,2154350057,2176830699,2199385729,2222164456,2244756189,2267433602,2290361287,2313314769,2336155138,2358785594,2381340900,
IDA & IBRD total,IBT,1971530218,2011609179,2052848851,2094479817,2135939251,2176741070,2216744649,2256058878,2295006430,2333605070,2371968014,2410071788,2448250422,2486130481,2523609334,2560532954,2597268992,2633882349,2670659276,2707557486,2744605580,2781630005,2818627678,2855966549,2893865301,2932126588,2970871536,3010098139,3049740035,3089613339,3129582112,3169756608,
IDA total,IDA,367487345,377743092,388254015,399026296,410084382,421444092,433050698,444946682,457026231,469199875,481455541,493784120,506175123,518674502,531324939,544283021,557529043,571059460,584840922,598825264,612973082,627279948,641796979,656580820,671700845,687370399,703437934,719736852,736425266,753458201,770796518,788415708,
IDA blend,IDB,124306161,128006498,131789206,135628001,139489329,143373257,147199228,151045680,154897806,158753213,162644565,166616006,170643236,174701428,178742935,182866539,187023137,191233367,195513363,199895674,204401916,209041837,213837457,218798154,223923482,229368379,234965431,240545460,246269522,252109256,258029154,264010533,
Indonesia,IDN,82501266,84273586,86040753,87784457,89481388,91116020,92681698,94186008,95645824,97085846,98525620,99970348,101419713,102881232,104362271,105868347,107401340,108961863,110551674,112171799,113821014,115500477,117204512,118916170,120613145,122278345,123904486,125492045,127041506,128556343,130038964,131487283,
IDA only,IDX,243181184,249736594,256464809,263398295,270595053,278070835,285851470,293901002,302128425,310446662,318810976,327168114,335531887,343973074,352582004,361416482,370505906,379826093,389327559,398929590,408571166,418238111,427959522,437782666,447777363,458002020,468472503,479191392,490155744,501348945,512767364,524405175,
Isle of Man,IMN,,,,,,,,,,,,,,,,,,,,,,,,,,,,,,,,,
India,IND,404628638,413665289,422755988,431898395,441096298,450351808,459654091,468994879,478382432,487829903,497343781,506921859,516550160,526208463,535870426,545513566,555120317,564681863,574193966,583656162,593062003,602414128,611691895,620838676,629781810,638471941,646880728,655027697,662970969,670795935,678564292,686291907,
Not classified,INX,,,,,,,,,,,,,,,,,,,,,,,,,,,,,,,,,
Ireland,IRL,1769807,1768856,1767271,1758013,1749475,1749533,1758419,1769498,1777643,1784152,1793020,1807113,1825339,1844753,1866358,1892566,1924636,1959431,1993725,2032174,2077831,2134642,2196534,2240444,2261587,2271996,2278082,2280652,2283898,2291300,2319581,2366890,
"Iran, Islamic Rep.",IRN,24179063,25135218,26114379,27066646,27926880,28651608,29216027,29640649,29983573,30328766,30736784,31226421,31778753,32370728,32964263,33530872,34069272,34588223,35080893,35540422,35963531,36344026,36686401,37011518,37348101,37716500,38123761,38562955,39023186,39487240,39941752,40384162,
Iraq,IRQ,7877895,8051366,8224968,8404971,8599448,8814268,9051576,9310173,9588340,9882806,10190753,10512317,10847199,11191469,11540175,11889713,12240119,12592385,12945368,13297990,13650646,14000368,14350186,14713750,15109280,15549001,16038973,16573279,17137311,17709899,18275556,18829502,
Iceland,ISL,121395,122238,123545,125458,126992,127948,129415,131031,132343,133467,134147,134805,135843,137226,138833,140722,142600,143907,144958,146330,148787,152490,156596,159730,160410,160223,160654,161369,162712,164360,165975,167676,
Israel,ISR,2115455,2148990,2184422,2220791,2257510,2325683,2465347,2546109,2608324,2670976,2738702,2808215,2877352,2942944,3018459,3099186,3173341,3238523,3298389,3358131,3418710,3480361,3543293,3607471,3695838,3765715,3838416,3912997,3990175,4071104,4156060,4242203,
Italy,ITA,27553309,27554606,27553288,27559494,27571687,27586142,27596855,27607246,27615771,27612882,27604684,27603141,27608272,27608714,27610747,27627304,27654976,27715003,27859402,28057120,28203841,28287168,28420657,28595761,28714416,28797153,28848347,28933881,29283998,29569796,29558567,29513776,
Jamaica,JAM,1161827,1172172,1178904,1183601,1188527,1195348,1204500,1215497,1227948,1241168,1254588,1268258,1282261,1296014,1308775,1320063,1329569,1337464,1344346,1351087,1358304,1366188,1374518,1383021,1391270,1398923,1405940,1412410,1418370,1423896,1429050,1433816,
Jordan,JOR,1524536,1584557,1644180,1707460,1780030,1865300,1965644,2078030,2193833,2301174,2391752,2463204,2518877,2563282,2603445,2645206,2689335,2736275,2791223,2860381,2948193,3055456,3181103,3324984,3486210,3662929,3855907,4061971,4270294,4466756,4640975,4789199,
Japan,JPN,59590692,59941742,60221118,60460567,60690305,60880390,61053609,61190318,61326344,61518591,61733877,61867036,61988550,62129262,62214263,62290265,62413110,62531609,62639302,62634487,62614707,62628868,62675761,62682056,62652070,62643603,62510713,62396406,62293393,62197978,62118491,62032385,
Kazakhstan,KAZ,7452092,7553606,7657115,7750761,7885189,7936115,7987171,7981206,7926006,7807094,7664365,7539294,7408900,7269250,7189149,7159857,7144314,7145133,7172665,7227529,7297137,7379825,7470052,7566948,7774280,7889656,8007480,8124567,8245374,8370488,8495553,8619109,
Kenya,KEN,9786624,10148580,10516881,10890468,11268205,11649236,12033392,12420588,12810205,13201614,13594673,13989228,14386255,14788200,15198300,15619138,16051548,16495722,16952794,17423857,17909624,18410616,18926677,19456847,19999668,20553886,21119173,21695274,22281086,22875343,23477019,24085548,
Kyrgyz Republic,KGZ,1944694,1983842,2024416,2063244,2109737,2153630,2192024,2220351,2223735,2225389,2249769,2284856,2319476,2356116,2392217,2421959,2446533,2470884,2498651,2530173,2558984,2585553,2608266,2630810,2660994,2692336,2726126,2773855,2832000,2891710,2953398,3016345,
Cambodia,KHM,3684615,3814502,3937873,4059825,4189659,4333592,4491742,4659371,4832276,5004685,5172106,5333417,5488806,5636820,5776138,5906072,6025738,6135766,6239027,6339546,6440468,6542647,6645934,6751205,6859193,6970354,7085258,7203824,7324932,7446946,7568579,7689442,
Kiribati,KIR,31685,32442,33297,34193,35052,35821,36473,37029,37522,38011,38525,39077,39661,40276,40919,41593,42296,43023,43794,44608,45490,46435,47438,48471,49508,50532,51523,52505,53470,54434,55411,56398,
St. Kitts and Nevis,KNA,,,,,,,,,,,,,,,,,,,,,,,,,,,,,,,,,
"Korea, Rep.",KOR,20439193,20644939,20851803,21060433,21274032,21489506,21708794,21941585,22171436,22400384,22629992,22847686,23062176,23227384,23391075,23586048,23767110,23904805,24028909,24123278,24171920,24294945,24412339,24591830,24712010,24829133,25015049,25141593,25251388,25405813,25535535,25646552,
Kuwait,KWT,982845,1037124,1097967,1153810,1188843,1193033,1160057,,,,935207,950263,1000146,1071057,1142109,1198505,1235947,1260334,1279274,1304433,1344279,1399616,1467217,1546489,1635912,1733584,1840504,1955102,2069644,2173983,2260983,2327353,
Latin America & Caribbean (excluding high income),LAC,190879098,194750937,198608656,202458365,206310436,210171038,214039892,217909260,221769146,225606328,229409972,233179263,236913446,240602387,244234029,247801546,251298234,254730469,258120681,261500153,264891230,268300237,271720337,275144457,278560398,281957668,285334704,288690315,292014100,295293439,298518330,301683235,
Lao PDR,LAO,1838004,1892606,1949879,2009077,2069327,2129857,2190312,2250372,2309335,2366432,2421122,2473242,2522837,2569899,2614530,2656947,2696807,2734490,2771783,2811067,2853960,2901435,2952836,3006121,3058323,3107387,3152454,3194423,3235013,3276810,3321586,3369884,
Lebanon,LBN,1323306,1322901,1319333,1316505,1319850,1333021,1358537,1394733,1435960,1474155,1504024,1522084,1531330,1540620,1562439,1605148,1674024,1764815,1864787,1955860,2025933,2067312,2086105,2100569,2136682,2211689,2333019,2490677,2663227,2820137,2939282,3014068,
Liberia,LBR,1092213,1096724,1091218,1078161,1061280,1044010,1025368,1006420,995066,1001406,1031949,1091279,1175619,1272770,1365450,1441421,1495707,1532573,1560295,1591496,1635088,1693667,1763560,1839977,1915662,1985381,2047823,2104945,2158736,2212393,2268289,2326847,
Libya,LBY,2060026,2123613,2181362,2234906,2286817,2338934,2391886,2444940,2496971,2546288,2591817,2633037,2670690,2706382,2742384,2780259,2820290,2861771,2904057,2946125,2987001,3027529,3067520,3103741,3131928,3149557,3154590,3149256,3140497,3137931,3148311,3174285,
St. Lucia,LCA,61996,63100,64309,65559,66761,67850,68806,69645,70417,71210,72064,73005,74014,75036,76001,76861,77578,78185,78750,79370,80096,80962,81943,82955,83894,84687,85304,85772,86142,86464,86812,87173,
Latin America & Caribbean,LCN,201011093,205014709,209004413,212986242,216971914,220969438,224974329,228980342,232980693,236958020,240898548,244804982,248669304,252476880,256220924,259893008,263489479,267018688,270503726,273976880,277460456,280958707,284466164,287977758,291480762,294964405,298414285,301839838,305233504,308573533,311856386,315078137,
Least developed countries: UN classification,LDC,222711092,228624467,234703710,240987670,247528390,254357056,261499578,268929830,276564870,284289522,292023919,299727496,307430877,315212303,323186838,331434199,339993978,348831287,357863470,366970046,376071466,385132860,394202101,403382182,412819326,422617437,432812933,443371189,454238263,465329318,476581288,487978495,
Low income,LIC,139987021,143544440,147257084,151150059,155252300,159580472,164157215,168969706,173956507,179031611,184136479,189244619,194383200,199613310,205023625,210677942,216600895,222772147,229156918,235700597,242365842,249140468,256044707,263112072,270390744,277914202,285693179,293713608,301953734,310380845,318970091,327714486,
Liechtenstein,LIE,,,,,,,,,,,,,,,,,,,,,,,,,,,,,,,,,
Sri Lanka,LKA,8039849,8159095,8279254,8397684,8512945,8622920,8728671,8829508,8923224,9006502,9078069,9135940,9181536,9220352,9259737,9304750,9356770,9406549,9455446,9503466,9550543,9597795,9644891,9692258,9740890,9790269,9840974,9893609,9950588,10022092,10100222,10201130,
Lower middle income,LMC,871586601,892402265,913469805,934692463,955997099,978163013,999334830,1020534301,1041649306,1062578255,1083447697,1104363988,1125315207,1146292060,1167267548,1188298694,1209385572,1230514472,1251742940,1273060683,1294418673,1315815742,1337282836,1358810082,1380383665,1402117186,1423839654,1445415405,1467004479,1488575535,1510233658,1531894495,
Low & middle income,LMY,1959489692,1999515768,2040728617,2082366003,2123843496,2165658442,2205726720,2245116370,2284145933,2322826629,2361274901,2399461397,2437712756,2475637599,2513170469,2550348937,2587160071,2623858083,2660726806,2697707694,2734822423,2771901186,2808939869,2846305426,2884222960,2922573894,2961359089,3000641423,3040353860,3080300466,3120337657,3160583423,
Lesotho,LSO,694650,710606,726292,741988,758063,774723,792182,810185,827846,843995,857830,868989,877840,885143,892023,899304,907274,915770,924626,933524,942245,950777,959337,968214,977808,988402,1000093,1012782,1026288,1040346,1054721,1069379,
Late-demographic dividend,LTE,863868732,877100410,891131245,905249521,918986743,931929176,944037014,954015097,964595558,974928663,985898511,995663117,1005297060,1014578570,1023260810,1031189983,1038769041,1045924691,1052957670,1060006876,1067172969,1074312829,1081339346,1088478486,1095769599,1102758555,1109767892,1116882962,1124002424,1131108698,1138099134,1145170425,
Lithuania,LTU,1673615,1690815,1709598,1728886,1743328,1749804,1752186,1749101,1739186,1725251,1710003,1694964,1680310,1665913,1651822,1637904,1622163,1606951,1591687,1571499,1543482,1516118,1495079,1476717,1457813,1425740,1392985,1374292,1360879,1349839,1337724,1323066,
Luxembourg,LUX,178180,179115,180524,182156,184248,186834,189550,192232,194938,197708,200623,203502,206212,208946,211911,214883,217532,219873,222621,225900,229542,233435,237321,241913,246819,251832,258046,264937,271759,278794,285878,292849,
Latvia,LVA,1191062,1203051,1218336,1233717,1242037,1240830,1233806,1214303,1187131,1164045,1144948,1130504,1118481,1107753,1098703,1087941,1073577,1060699,1049967,1038062,1026453,1016673,1008031,997190,980697,960516,943407,932183,922767,914627,907619,900102,
"Macao SAR, China",MAC,142953,148451,154149,159794,165109,169895,174048,177606,180764,183801,186935,190214,193612,197174,200967,205007,209341,213971,218871,223972,229246,234649,240183,245858,251696,257686,263843,270112,276375,282456,288253,293701,
St. Martin (French part),MAF,,,,,,,,,,,,,,,,,,,,,,,,,,,,,,,,,
Morocco,MAR,11230193,11477237,11718255,11953805,12185144,12413013,12637698,12858102,13071932,13276227,13469051,13649868,13820016,13981902,14138947,14293982,14448500,14603067,14758566,14915667,15075316,15237078,15402404,15576278,15765072,15972815,16201695,16448955,16707453,16967124,17220411,17464677,
Monaco,MCO,,,,,,,,,,,,,,,,,,,,,,,,,,,,,,,,,
Moldova,MDA,1695262,1711833,1727953,1742145,1753386,1761615,1766352,1768075,1766368,1762258,1755362,1752624,1746985,1747103,1745063,1742022,1738366,1734367,1729477,1725421,1721836,1718148,1715635,1713988,1713262,1712551,1712050,1711867,1711068,1709400,1707490,1705482,
Madagascar,MDG,5034746,5176996,5322707,5472828,5628628,5791123,5960571,6137057,6321287,6514029,6715767,6926847,7146999,7375228,7610082,7850485,8096108,8347054,8603151,8864316,9130494,9401628,9677686,9958739,10244897,10536295,10832931,11135017,11443267,11758638,12081795,12412982,
Maldives,MDV,98697,101943,105147,108300,111395,111764,116032,119291,123070,124310,129117,132391,133168,136594,141278,144797,148694,152411,157394,163020,169198,176962,186906,195316,195689,201000,208055,214059,220014,225799,231437,236896,
Middle East & North Africa,MEA,111632747,115269821,118959008,122640885,126238785,130730906,134183476,136335471,139525982,142632523,146614487,149615658,152601967,155574601,158609886,161734751,164944066,168243822,171670853,175268966,179061465,183061904,187250663,191578028,195982426,200358883,204711342,209038734,213324446,217556613,221726272,225815093,
Mexico,MEX,38517250,39290662,40063495,40842626,41636639,42450710,43288266,44145043,45008867,45862758,46694154,47502195,48290058,49054697,49793441,50506622,51188834,51845960,52503480,53195536,53945653,54763986,55641109,56556588,57479951,58388317,59275312,60145499,60999975,61843003,62677416,63501507,
Marshall Islands,MHL,,,,,,,,,,,,,,,,,,,,,,,,,,,,,,,,,
Middle income,MIC,1819502671,1855971328,1893471533,1931215944,1968591196,2006077970,2041569505,2076146664,2110189426,2143795018,2177138422,2210216778,2243329556,2276024289,2308146844,2339670995,2370559176,2401085936,2431569888,2462007097,2492456581,2522760718,2552895162,2583193354,2613832216,2644659692,2675665910,2706927815,2738400126,2769919621,2801367566,2832868937,
"Macedonia, FYR",MKD,1000511,1002730,1004304,1005144,1005080,1004097,1002046,999221,996459,994894,995289,998032,1002792,1008700,1014523,1019340,1022895,1025435,1027170,1028520,1029764,1030935,1031916,1032785,1033622,1034493,1035428,1036418,1037458,1038503,1039509,1040489,
Mali,MLI,3892622,3949000,3998713,4048214,4106507,4180009,4271485,4379011,4498610,4624087,4751074,4878520,5008421,5143144,5286201,5440203,5605345,5780790,5966828,6163582,6370827,6589363,6818462,7054635,7293185,7530906,7766276,8000632,8237292,8481112,8735641,9001951,
Malta,MLT,165615,168627,169946,171458,173225,175018,179893,181845,183768,185617,187072,188506,190178,191662,193004,194379,195887,197337,198569,199829,201031,201696,202335,203634,205221,206365,207483,209415,211756,214103,216636,219353,
Myanmar,MMR,18193905,18557322,18911660,19253141,19577387,19881827,20163824,20425448,20674732,20922879,21177838,21442122,21713005,21986719,22257240,22519794,22775369,23024751,23262806,23483069,23681862,23856079,24009568,24154226,24306439,24477977,24673013,24888192,25118500,25355612,25593149,25830068,
Middle East & North Africa (excluding high income),MNA,98924783,101945307,105014101,108088627,111115607,115057762,117941114,120730111,123443358,126112142,128761203,131395019,134010857,136591358,139172490,141763285,144372396,147004655,149660395,152337428,155036171,157752853,160494324,163289493,166162809,169133010,172213917,175390511,178624200,181861603,185064092,188212623,
Montenegro,MNE,298376,300109,301036,301411,301613,301917,302428,303055,303636,303926,303765,303105,302063,300835,299678,298802,299621,300427,301264,301527,301837,302238,302807,303575,304468,305220,305668,305995,306334,306657,306861,307213,
Mongolia,MNG,948150,975051,1003237,1031150,1056646,1078255,1095368,1108545,1118997,1128521,1138464,1149257,1160613,1172368,1184112,1195611,1206951,1218445,1230378,1243110,1256930,1271821,1287810,1305236,1324517,1345895,1369528,1395092,1421739,1448319,1473946,1498288,
Northern Mariana Islands,MNP,,,,,,,,,,,,,,,,,,,,,,,,,,,,,,,,,
Mozambique,MOZ,6329048,6332518,6298569,6259333,6258796,6327646,6479446,6702947,6973535,7254171,7518007,7757577,7981574,8198650,8423353,8666206,8928754,9206673,9497813,9798476,10106005,10420109,10741979,11072216,11411781,11761394,12121181,12490945,12870734,13260534,13660349,14070258,
Mauritania,MRT,882081,907115,932678,958740,985244,1012193,1039493,1067302,1096167,1126813,1159731,1195162,1232930,1272500,1313087,1354126,1395507,1437423,1480021,1523557,1568251,1614015,1660866,1709219,1759633,1812441,1867842,1925594,1985104,2045516,2106195,2166898,
Mauritius,MUS,506528,511054,515473,519532,523937,527992,533937,541116,547550,555094,559549,564789,571240,576555,583281,588549,592920,596917,601249,605075,608714,611590,614412,616659,618313,619791,620782,622486,623793,624774,625354,625417,
Malawi,MWI,3543187,3746833,3989253,4242421,4467466,4637663,4741390,4790192,4808932,4834233,4892641,4992442,5125580,5282668,5448012,5610359,5767768,5925083,6085620,6254676,6435982,6630299,6835873,7050872,7272524,7498804,7729173,7964173,8204206,8450006,8702133,8960598,
Malaysia,MYS,7886114,8120440,8375454,8643417,8913302,9177164,9431859,9679744,9925078,10174528,10432744,10700867,10976505,11256503,11536282,11812506,12084283,12352624,12618472,12883464,13148878,13413776,13677685,13942891,14212429,14487862,14770991,15059565,15346226,15620993,15876925,16110866,
North America,NAC,129578284,130766680,131955116,133166071,134514078,136090084,137952520,139910422,141807848,143599007,145345087,147108652,148942173,150714608,152475669,154213815,155815644,157325055,158761948,160301812,161841309,163419500,165014602,166632640,168173849,169667997,171020717,172424133,173766459,175176482,176529589,177895696,
Namibia,NAM,556012,578287,604342,632716,661333,688666,714036,737773,760598,783689,807816,833290,859512,885202,908608,928511,944581,957434,967985,977648,987547,997850,1008587,1020634,1035036,1052445,1073342,1097476,1123938,1151357,1178737,1205773,
New Caledonia,NCL,79046,80438,81973,83522,85150,87183,89486,91795,94238,96792,98959,100771,102585,104368,106162,107983,109830,111694,113260,114647,116155,118301,120059,122374,124139,126814,128845,131270,133113,135440,137794,140171,
Niger,NER,3385901,3480374,3578125,3681033,3791482,3911277,4041169,4181095,4330990,4490446,4659107,4837426,5025499,5222093,5425501,5634639,5849183,6069886,6298139,6535921,6784788,7045342,7317654,7602210,7899405,8209605,8533333,8870996,9222649,9588192,9967703,10361403,
Nigeria,NGA,42021715,43134319,44290784,45483232,46698873,47928866,49172404,50434567,51719359,53032744,54379688,55762566,57182363,58641270,60141332,61684869,63273286,64909402,66598565,68347162,70159953,72038832,73983514,75993600,78067686,80204205,82403868,84665806,86984833,89354137,91768730,94226757,
Nicaragua,NIC,1848853,1890552,1931146,1971456,2012618,2055401,2100073,2146250,2193110,2239490,2284519,2328009,2370124,2410719,2449709,2487089,2522707,2556690,2589620,2622320,2655390,2689061,2723220,2757742,2792353,2826854,2861241,2895595,2929864,2964008,2997973,3031765,
Netherlands,NLD,7172398,7209731,7253886,7300007,7343836,7395215,7455151,7513864,7568854,7616824,7656126,7692331,7732175,7779821,7831738,7888406,7949248,8001686,8041440,8071548,8092628,8107946,8128046,8162204,8206599,8250868,8291155,8323328,8349342,8381304,8421098,8463503,
Norway,NOR,2053006,2060026,2069642,2080940,2089721,2097050,2107099,2119278,2131933,2144241,2155741,2167305,2179930,2193889,2209813,2224846,2236487,2248751,2262276,2276525,2293747,2314882,2342326,2375610,2409875,2444129,2479954,2516549,2550797,2583169,2612219,2637512,
Nepal,NPL,8352599,8525003,8693161,8869033,9068977,9303380,9578065,9885846,10208157,10518937,10799491,11041948,11251603,11438792,11619893,11806324,12002495,12203105,12398497,12574637,12722379,12838036,12927712,13003914,13084255,13181560,13300101,13436585,13587023,13744396,13903373,14063302,
Nauru,NRU,,,,,,,,,,,,,,,,,,,,,,,,,,,,,,,,,
New Zealand,NZL,1608211,1605744,1617194,1619180,1624990,1638887,1720042,1738667,1759589,1783855,1810195,1838286,1861136,1875873,1883874,1893349,1903193,1935416,1973177,2002295,2025036,2050357,2070484,2089325,2111545,2136257,2153525,2166124,2183432,2217108,2259704,2307565,
OECD members,OED,504286261,508164326,512014595,515931553,520103544,524567431,529346848,534214259,538878961,543318934,547680569,551939551,556181695,560269855,564370101,568384840,572575510,576797358,581031457,585292597,589549517,593974679,598532262,603317745,607719902,611833327,615058021,618993540,623062925,627307905,631517527,635875321,
Oman,OMN,809902,846827,881310,916864,958364,1008693,1070552,1141250,1211827,1269929,1307243,1320526,1314026,1296249,1279546,1273251,1280755,1300738,1332217,1372580,1420353,1474270,1536488,1612726,1710578,1834555,1986360,2161559,2350852,2541408,2723156,2893546,
Other small states,OSS,7617550,7832173,8055917,8280746,8499616,8702274,8898690,9072626,9233907,9393466,9554758,9718983,9887153,10063019,10256466,10457598,10659899,10872056,11103748,11369036,11677698,12034757,12434810,12858429,13272052,13673995,14052511,14414156,14762057,15103326,15445007,15785170,
Pakistan,PAK,47991428,49531900,51097513,52675721,54251517,55814383,57356551,58880120,60396809,61924396,63475182,65054264,66656001,68269294,69877970,71471141,73047159,74612533,76174752,77744714,79331871,80935686,82557936,84212990,85918748,87686776,89522742,91419836,93361286,95323019,97286333,99244837,
Panama,PAN,1124175,1148819,1173542,1198417,1223548,1249017,1274835,1301000,1327579,1354640,1382241,1410413,1439112,1468224,1497571,1527031,1556556,1586171,1615911,1645838,1676002,1706363,1736917,1767700,1798774,1830167,1861891,1893877,1926036,1958189,1990221,2022071,
Peru,PER,9772323,9996098,10222029,10449518,10677748,10905861,11133819,11360951,11584987,11803046,12013119,12214465,12407670,12593733,12774318,12950839,13123734,13293333,13460954,13628171,13796306,13965640,14136633,14310866,14490184,14675723,14868269,15067036,15269590,15472480,15673109,15870546,
Philippines,PHL,27462173,28207096,28966374,29736511,30513023,31292547,32073247,32855372,33640221,34430104,35226556,36029240,36836805,37648515,38463388,39280387,40099508,40919999,41739219,42553846,43361571,44161117,44953201,45739976,46524725,47309835,48095910,48882270,49668537,50453938,51237880,52020122,
Palau,PLW,,,,,,,,,,,,,,,,,,,,,,,,,,,,,,,,,
Papua New Guinea,PNG,1932438,1983256,2034534,2086467,2139357,2193467,2248813,2305437,2363673,2423923,2486448,2551408,2618687,2688005,2758942,2831171,2904548,2979111,3054839,3131806,3210005,3289416,3369880,3451168,3532949,3614995,3697201,3779582,3862203,3945258,4028824,4112925,
Poland,POL,18126959,18251255,18352953,18426145,18489203,18558108,18620290,18673566,18716952,18751831,18772033,18780543,18786623,18786515,18777263,18573611,18558809,18539680,18516409,18495481,18478569,18459673,18443894,18441750,18450123,18393520,18399464,18395639,18380992,18364057,18349081,18328230,
Pre-demographic dividend,PRE,181462944,186282973,191263018,196459798,201941842,207752435,213935852,220469843,227250149,234128898,241005800,247840352,254682954,261635729,268846365,276422767,284404544,292763423,301458281,310420148,319601986,328990170,338612695,348512520,358750374,369367162,380379303,391765759,403484180,415473474,427688676,440115835,
Puerto Rico,PRI,1649833,1664086,1676907,1688834,1700664,1712909,1722935,1732598,1746239,1761698,1777167,1796300,1812190,1821754,1829987,1834098,1836970,1838195,1838251,1837773,1834642,1826843,1816501,1806414,1797137,1788473,1768113,1746904,1726963,1698951,1669313,1639656,
"Korea, Dem. People?s Rep.",PRK,9123619,9269210,9412647,9556531,9704658,9859248,10021816,10189995,10357423,10515412,10657909,10782071,10890108,10987239,11081255,11177727,11278572,11381792,11484368,11581622,11670344,11749679,11821300,11887529,11951756,12016469,12082393,12148880,12215432,12281037,12344958,12407156,
Portugal,PRT,4831467,4835619,4833683,4827873,4820155,4809308,4798327,4795112,4801793,4815630,4833192,4852005,4874099,4899342,4928385,4965375,5004038,5035907,5058740,5072460,5079962,5083325,5084182,5080000,5072286,5062088,5042279,5009660,4970936,4934742,4907358,4887449,
Paraguay,PRY,1855900,1909598,1964003,2018918,2074186,2129651,2185135,2240540,2295943,2351502,2407254,2463183,2519092,2574687,2629581,2683481,2736359,2788182,2838708,2887613,2934746,2979932,3023367,3065695,3107810,3150393,3193662,3237467,3281566,3325559,3369123,3412220,
West Bank and Gaza,PSE,,,,,,1001151,1047242,1095458,1145881,1198614,1253747,1311390,1371652,1407339,1443928,1481443,1519921,1559376,1599844,1641336,1683887,1727514,1772246,1824082,1877602,1932831,1991644,2052434,2114621,2178101,2242719,2308315,
Pacific island small states,PSS,773916,785439,795078,803852,813181,824057,836850,851167,866348,881414,895625,908860,921354,933194,944535,955535,966159,976431,986720,997527,1009223,1021959,1035615,1049925,1064389,1078687,1092708,1106597,1120417,1134317,1148444,1162771,
Post-demographic dividend,PST,457389497,459988860,462626827,465371932,468321998,471379539,474529507,477942352,481234262,484125259,486881271,489547901,492206341,494678815,497190643,499750573,502363662,504979717,507641442,510393646,513091387,515927182,518896415,522100389,524848589,527372329,528882131,531227839,533679096,536248226,538795875,541456429,
French Polynesia,PYF,91650,94120,96518,98843,101032,103079,104934,106646,108286,109970,111779,113749,115844,117993,120119,122142,124065,125875,127591,129204,130732,132175,133516,134772,135928,136995,137944,138806,139644,140548,141577,142770,
Qatar,QAT,248106,267059,283815,298119,309841,319023,325695,330178,333165,335617,338479,343168,350538,360400,372213,386342,400742,417563,446227,499196,584407,705630,857419,1026773,1195380,1349478,1484993,1604075,1706821,1795258,1871167,1933363,
Romania,ROU,11222315,11273453,11318034,11371171,11420987,11437865,11334120,11225804,11202844,11178009,11146366,11104813,11062971,11030023,11002834,10979181,10818435,10614441,10530862,10463708,10391601,10322017,10162188,9985921,9895407,9830221,9776659,9729055,9689792,9651018,9603575,9548407,
Russian Federation,RUS,66796824,67390030,67984958,68551791,69067810,69425969,69648047,69722997,69668677,69592381,69609637,69496597,69358697,69209577,68949695,68603100,68244995,67855763,67468376,67117967,66788368,66502263,66327769,66248730,66234248,66247644,66303337,66437221,66611750,66790123,66944613,67074268,
Rwanda,RWA,3013120,3156637,3318806,3467346,3558504,3564804,3467062,3284618,3075373,2920283,2875671,2965041,3166094,3433490,3699443,3914962,4066080,4168849,4240322,4308755,4394719,4501342,4620782,4750059,4883525,5017011,5150399,5285516,5422302,5560871,5701233,5843242,
South Asia,SAS,523027772,535123007,547356373,559738214,572290494,585019267,597931959,610995860,624161673,637359673,650546068,663680004,676760145,689818564,702899398,716024971,729206656,742398560,755525757,768484517,781201583,793645599,805837701,817823417,829673379,841455920,853178424,864820933,876382061,887859971,899236696,910525150,
Saudi Arabia,SAU,7241175,7653229,8057085,8445333,8809855,9144961,9450106,9726926,9975571,10197149,10394929,10565673,10715753,10869792,11060099,11309225,11628652,12010970,12436351,12874884,13304965,13718513,14122305,14527030,14949500,15400635,15882266,16385803,16899223,17405857,17892701,18356534,
Sudan,SDN,8626358,8901440,9175752,9459229,9765520,10103185,10477931,10883612,11302518,11709955,12088657,12430817,12742913,13039336,13341599,13664864,14015338,14387094,14768800,15143538,15499997,15834207,16152854,16468129,16797396,17153256,17539923,17953940,18390843,18843070,19305000,19775707,
Senegal,SEN,3235610,3334331,3436105,3541020,3649306,3760921,3876326,3994859,4114060,4230661,4342556,4448742,4550521,4651007,4754556,4864493,4982097,5106926,5238496,5375667,5517767,5664556,5816863,5976255,6144794,6323796,6513900,6714189,6922433,7135478,7350979,7568133,
Singapore,SGP,1393352,1389021,1406052,1437827,1476917,1533025,1576429,1624944,1667607,1721384,1774064,1845960,1906272,1968708,1980944,2012218,2064239,2080441,2047481,2070695,2117167,2181390,2270925,2391886,2462584,2505008,2557228,2621068,2664765,2700649,2733768,2770103,
Solomon Islands,SLB,139530,143574,147604,151679,155863,160213,164748,169442,174308,179334,184500,189828,195292,200860,206468,212086,217689,223297,228891,234478,240060,245611,251153,256722,262385,268168,274104,280165,286319,292483,298627,304722,
Sierra Leone,SLE,1871786,1928591,1990052,2049517,2098008,2129571,2142158,2139194,2127089,2115136,2110602,2114286,2125753,2149627,2191137,2253351,2339205,2446227,2565206,2683275,2791066,2885198,2968011,3042818,3115345,3189798,3266642,3344352,3422932,3502075,3581568,3661629,
El Salvador,SLV,2413647,2443210,2472781,2502705,2533358,2564895,2597542,2630996,2664201,2695772,2724641,2750515,2773589,2793943,2811807,2827447,2840835,2852064,2861636,2870221,2878350,2886273,2894056,2901916,2910034,2918538,2927559,2937189,2947472,2958409,2969971,2982221,
San Marino,SMR,,,,,,,,,,,,,,,,,,,,,,,,,,,,,,,,,
Somalia,SOM,3436082,3478477,3539684,3610180,3674170,3721195,3748297,3762891,3777185,3808123,3867543,3960252,4081758,4223224,4371291,4516198,4655347,4791590,4927142,5066073,5211304,5363188,5520411,5682389,5848183,6017231,6189414,6365394,6546336,6733831,6929043,7132386,
Serbia,SRB,,,,,,3744551,3748268,3772323,3797290,3813270,3757504,3751380,3738043,3720693,3703854,3688621,3678860,3672069,3661168,3650163,3637572,3622640,3608204,3593624,3580006,3566047,3537919,3520319,3502512,3485390,3467649,3448749,
Sub-Saharan Africa (excluding high income),SSA,220963793,227307759,233805294,240459114,247274242,254253029,261405018,268730383,276217369,283853775,291628927,299548474,307628557,315892803,324377414,333108352,341966230,351146952,360624237,370426936,380577785,391086879,401955454,413181502,424758688,436680896,448949532,461564078,474508555,487763624,501313806,515152772,
South Sudan,SSD,2708948,2766077,2816026,2853436,2871579,2867286,2836191,2784065,2730370,2701485,2715917,2782065,2893703,3036782,3189932,3337663,3475066,3607152,3740156,3884113,4045801,4226625,4422263,4626879,4832243,5032249,5224984,5411718,5593464,5772353,5950074,6126467,
Sub-Saharan Africa,SSF,220996716,227340823,233839700,240493544,247308790,254287698,261440145,268765701,276253478,283890902,291666617,299586706,307667207,315932167,324417507,333148763,342006635,351188571,360665378,370467991,380619184,391129426,401998592,413226005,424803640,436727194,448994462,461609092,474553927,487809243,501360100,515199499,
Small states,SST,11228626,11477029,11727647,11975893,12219628,12452085,12684475,12899328,13104542,13308185,13511459,13715188,13921112,14133136,14361503,14596727,14832124,15076392,15339810,15637305,15979242,16370850,16806570,17266690,17717147,18155867,18571006,18969191,19353304,19730147,20106621,20480634,
Sao Tome and Principe,STP,51234,52167,53144,54180,55264,56398,57606,58872,60177,61465,62710,63898,65045,66209,67447,68812,70323,71963,73715,75523,77357,79213,81110,83021,84980,86967,88981,91030,93108,95221,97363,99542,
Suriname,SUR,188904,191703,195113,198955,202972,206949,210849,214669,218354,221856,225121,228111,230830,233361,235829,238326,240870,243453,246061,248684,251303,253931,256567,259216,261882,264561,267239,269925,272592,275222,277796,280298,
Slovak Republic,SVK,2527918,2541882,2554351,2566215,2576899,2586549,2586860,2586034,2594317,2603031,2609229,2613457,2617105,2619526,2621152,2616580,2610775,2608838,2606234,2604997,2604797,2604701,2605478,2607966,2611932,2615093,2619446,2625101,2629163,2632812,2636126,2638974,
Slovenia,SVN,943505,955809,967346,969565,969541,969845,969858,967807,965016,963776,964371,964816,965130,964872,967130,970977,972703,973484,973469,973981,976479,981507,989806,994571,1006589,1013281,1016862,1019789,1021499,1022690,1023745,1024822,
Sweden,SWE,4123069,4132074,4146113,4165967,4194722,4227935,4257253,4282520,4307573,4338418,4361478,4368790,4371768,4374858,4379212,4387548,4400990,4417335,4436188,4456489,4477600,4506575,4544223,4584071,4627539,4671177,4710289,4748680,4792299,4843205,4897811,4952881,
Swaziland,SWZ,332873,346143,360944,376492,391696,405761,418339,429631,440039,450234,460659,471531,482613,493339,502905,510818,516809,521264,525058,529391,535160,542655,551651,561790,572486,583309,594186,605227,616407,627714,639129,650624,
Sint Maarten (Dutch part),SXM,,,,,,,,,,,,,,,,,,,,,,,,,,,,,,,,,
Seychelles,SYC,32923,33064,34406,34430,34548,34669,35127,35318,36109,37127,37690,38232,38650,39364,40093,40411,40405,41619,41141,41055,41399,42547,43138,44503,44952,46298,44930,45014,45372,45619,46294,46727,
Syrian Arab Republic,SYR,5379521,5560115,5741103,5922870,6106246,6291884,6479459,6668733,6860543,7056008,7255800,7460977,7671045,7883400,8094410,8301811,8497455,8681602,8869734,9083487,9334248,9637512,9978071,10300027,10527281,10609278,10526374,10306703,10007087,9709384,9476226,9319586,
Turks and Caicos Islands,TCA,,,,,,,,,,,,,,,,,,,,,,,,,,,,,,,,,
Chad,TCD,2520404,2596979,2680390,2769390,2862078,2957188,3054425,3154482,3258229,3366950,3481688,3602321,3728810,3862314,4004255,4155474,4316795,4487427,4664675,4844762,5025057,5204330,5383489,5564685,5751110,5945016,6147109,6356437,6571561,6790306,7011173,7233680,
East Asia & Pacific (IDA & IBRD countries),TEA,739701638,752288233,765727156,779342487,792608389,805408937,817619220,829009689,839959694,850838749,861525205,872049766,882486274,892592328,902166916,911253098,919980819,928361189,936480679,944454585,952398225,960130846,967617879,975040493,982376301,989627762,996877254,1004196496,1011541416,1018933344,1026272522,1033766748,
Europe & Central Asia (IDA & IBRD countries),TEC,194995948,197082570,199157343,201148810,203028873,204447269,205387991,206224638,206954222,207292381,207517650,207607343,207809992,207939435,208016230,207793569,207615973,207374146,207347098,207417934,207525654,207694766,207936768,208380285,209189752,210095689,211122329,212225849,213449088,214671505,215936334,217163969,
Togo,TGO,1607500,1661754,1715261,1767617,1818554,1868054,1915520,1961366,2007839,2057992,2113926,2176687,2245451,2318245,2392101,2464925,2536086,2606337,2676688,2748740,2823622,2901558,2982127,3065139,3150226,3237089,3325724,3416172,3508176,3601435,3695716,3790924,
Thailand,THA,25944505,26381261,26818438,27246553,27652441,28027322,28366281,28673898,28962387,29249189,29546438,29858796,30181097,30503634,30812008,31095804,31352392,31585197,31797115,31993177,32177316,32349481,32508950,32658233,32800412,32937517,33071121,33200429,33322186,33431636,33525448,33602744,
Tajikistan,TJK,2247990,2322448,2399869,2477435,2551394,2619106,2679709,2734093,2783591,2830371,2876225,2921364,2965925,3011594,3060347,3113660,3172341,3236218,3304564,3376117,3449915,3525763,3603881,3684200,3766717,3851352,3937935,4026160,4115719,4206239,4297349,4388876,
Turkmenistan,TKM,1589003,1629270,1671000,1714728,1761133,1810468,1863188,1918482,1973775,2025649,2071646,2110941,2144271,2172828,2198500,2222834,2246150,2268457,2290684,2313876,2338884,2366011,2395431,2427689,2463291,2502514,2545621,2592265,2641249,2690950,2740071,2788175,
Latin America & the Caribbean (IDA & IBRD countries),TLA,193883361,197829239,201754178,205668135,209587098,213521288,217471462,221428337,225379886,229309837,233205018,237064340,240887599,244663968,248380721,252030711,255606434,259114604,262579813,266036367,269508650,273004029,276514660,280030938,283537022,287019844,290476794,293907692,297303964,300655774,303955087,307196934,
Timor-Leste,TLS,338119,346771,354420,361844,370281,380487,393009,407212,421323,432941,440470,442934,441272,438200,437565,442014,452701,468533,487211,505301,520410,531747,540219,547102,554365,563433,574652,587491,601492,615916,630202,644255,
Middle East & North Africa (IDA & IBRD countries),TMN,98924783,101945307,105014101,108088627,111115607,114056611,116893872,119634653,122297477,124913528,127507456,130083629,132639205,135184019,137728562,140281842,142852475,145445279,148060551,150696092,153352284,156025339,158722078,161465411,164285207,167200179,170222273,173338077,176509579,179683502,182821373,185904308,
Tonga,TON,47482,47578,47731,47918,48107,48247,48343,48424,48483,48575,48709,48901,49142,49410,49666,49885,50051,50191,50324,50469,50671,50922,51227,51560,51875,52155,52380,52586,52788,53025,53332,53725,
South Asia (IDA & IBRD),TSA,523027772,535123007,547356373,559738214,572290494,585019267,597931959,610995860,624161673,637359673,650546068,663680004,676760145,689818564,702899398,716024971,729206656,742398560,755525757,768484517,781201583,793645599,805837701,817823417,829673379,841455920,853178424,864820933,876382061,887859971,899236696,910525150,
Sub-Saharan Africa (IDA & IBRD countries),TSS,220996716,227340823,233839700,240493544,247308790,254287698,261440145,268765701,276253478,283890902,291666617,299586706,307667207,315932167,324417507,333148763,342006635,351188571,360665378,370467991,380619184,391129426,401998592,413226005,424803640,436727194,448994462,461609092,474553927,487809243,501360100,515199499,
Trinidad and Tobago,TTO,582152,588866,594687,599755,604333,608616,612661,616424,619798,622644,624878,626459,627525,628337,629272,630612,632442,634724,637341,640125,642931,645737,648558,651411,654317,657281,660286,663292,666169,668802,671086,672976,
Tunisia,TUN,3675120,3769911,3862579,3954083,4046068,4139447,4234537,4330037,4423295,4510735,4589802,4659897,4721779,4776028,4823727,4866000,4902775,4934690,4964558,4995947,5031534,5072490,5118496,5168733,5221655,5276099,5331846,5389229,5448154,5508579,5570360,5633365,
Turkey,TUR,24296163,24778730,25252926,25718911,26177659,26630242,27075855,27514942,27951472,28390724,28836409,29289935,29750081,30214659,30680211,31144013,31608022,32072999,32533848,32983843,33419567,33836453,34239579,34646916,35082894,35564197,36093447,36662268,37262158,37880004,38503089,39134031,
Tuvalu,TUV,,,,,,,,,,,,,,,,,,,,,,,,,,,,,,,,,
Tanzania,TZA,10795904,11131439,11473107,11826311,12198424,12593971,13016642,13462920,13921568,14376912,14818278,15242342,15654258,16062410,16479154,16914323,17369951,17845733,18346385,18876870,19440653,20040656,20676460,21343892,22036516,22749589,23481793,24234425,25008404,25805502,26626880,27472687,
Uganda,UGA,7286182,7536952,7803387,8082041,8367929,8657463,8950365,9247883,9550018,9857101,10169958,10488107,10813008,11149808,11505250,11884265,12288992,12718547,13171110,13643416,14133034,14639704,15164165,15706009,16264901,16840537,17432690,18041164,18665686,19306040,19962087,20633652,
Ukraine,UKR,23508613,23625608,23753232,23896381,24047886,24132193,24205248,24291679,24316378,24202725,24015106,23802078,23581453,23363674,23134103,22890456,22648593,22411048,22214988,22029860,21849100,21678822,21524682,21384102,21269621,21172699,21092530,21043666,21003947,20912854,20866322,20802948,
Upper middle income,UMC,947916070,963569063,980001728,996523481,1012594097,1027914957,1042234675,1055612363,1068540120,1081216763,1093690725,1105852790,1118014349,1129732229,1140879296,1151372301,1161173604,1170571464,1179826948,1188946414,1198037908,1206944976,1215612326,1224383272,1233448551,1242542506,1251826256,1261512410,1271395647,1281344086,1291133908,1300974442,
Uruguay,URY,1468830,1476428,1483833,1491381,1499500,1508497,1518372,1528919,1539931,1551118,1562191,1573268,1584228,1594223,1602188,1607436,1609549,1608966,1606942,1605252,1605187,1607195,1610943,1615997,1621598,1627195,1632687,1638288,1644050,1650064,1656399,1663032,
United States,USA,116695844,117758675,118778957,119821864,120933139,122308854,123987526,125778639,127526177,129183889,130812745,132419522,134095800,135736774,137370537,138971948,140416645,141784968,143064009,144443341,145822985,147269908,148704288,150141736,151490722,152796770,153982182,155184527,156327578,157545543,158747453,159894419,
Uzbekistan,UZB,8937086,9167153,9399762,9635901,9876922,10146775,10375825,10634605,10892269,11119670,11330538,11553711,11774859,11964827,12092261,12258274,12411842,12561854,12706319,12851966,13001681,13161957,13352582,13571695,13806471,14206189,14597643,14819572,15058470,15320041,15594513,15872485,
St. Vincent and the Grenadines,VCT,51184,51688,52195,52676,53105,53444,53704,53884,53998,54077,54138,54180,54207,54232,54274,54331,54422,54542,54670,54804,54912,55005,55080,55136,55174,55201,55204,55190,55177,55190,55223,55306,
"Venezuela, RB",VEN,8833125,9062768,9296897,9533825,9771324,10007670,10242224,10475105,10706378,10936406,11165454,11393320,11619788,11845154,12069840,12294123,12518029,12741378,12964096,13186013,13406968,13626956,13845818,14063080,14278102,14490421,14699759,14906157,15109908,15311501,15511223,15709154,
British Virgin Islands,VGB,,,,,,,,,,,,,,,,,,,,,,,,,,,,,,,,,
Virgin Islands (U.S.),VIR,52151,51983,51784,51069,50328,50763,51117,51469,51790,52054,52221,52290,52367,52430,52441,52457,52346,52285,52249,52188,52116,51973,51735,51453,51159,50857,50563,50281,50003,49716,49407,49091,
Vietnam,VNM,28953918,29639699,30384624,31135606,31885847,32504221,33114475,33715886,34310185,34896083,35475742,36048843,36615091,37179548,37738263,38243628,38725596,39171019,39624033,40100906,40577831,41044326,41511628,41979740,42451764,42922690,43401114,43887817,44373117,44866211,45365382,45864678,
Vanuatu,VUT,67684,69044,70451,71943,73585,75410,77459,79705,82032,84265,86304,88088,89673,91186,92802,94642,96764,99101,101617,104204,106797,109387,111984,114607,117263,119962,122709,125494,128306,131145,134007,136882,
World,WLD,2432466946,2475890777,2520492342,2565589673,2610742647,2656459874,2700662437,2743136117,2786162206,2828572563,2871623813,2913421619,2955163660,2996466611,3037403120,3078014236,3118541692,3159027060,3199723842,3240758866,3282050930,3323639208,3365469684,3407914880,3450403854,3492871137,3534706337,3577669741,3621045177,3664743458,3708479158,3752523558,
Samoa,WSM,83150,83611,83944,84227,84562,85010,85603,86305,87069,87816,88486,89077,89591,90058,90493,90928,91369,91811,92247,92708,93192,93692,94212,94775,95384,96051,96777,97564,98377,99183,99952,100669,
Kosovo,XKX,,,,,,,,,,,,,,,,,,,,,,,,,,,,,,,,,
"Yemen, Rep.",YEM,4849538,5041280,5237112,5448349,5690342,5972488,6300940,6667993,7052291,7424169,7762536,8059509,8321888,8561383,8796401,9040676,9297027,9561856,9834997,10114781,10400051,10691362,10989936,11295766,11608707,11928382,12254907,12587626,12924482,13262798,13600529,13936715,
South Africa,ZAF,16372788,16732383,17078031,17422087,17782225,18170014,18591137,19038460,19495221,19937776,20349444,20723937,21067188,21389667,21707484,22032344,22236137,22502396,22778967,23066331,23364882,23674819,23996230,24329391,24674565,25032015,25402217,25785481,26181681,26590575,27012199,27446835,
Zambia,ZMB,3452462,3558395,3664044,3769265,3874020,3978484,4082317,4186085,4291977,4402908,4520924,4647150,4780999,4920738,5063728,5208137,5353714,5501397,5652014,5806816,5966889,6132276,6303190,6481069,6667697,6864295,7071595,7289195,7515769,7749301,7988344,8232508,
Zimbabwe,ZWE,4301352,4459441,4617056,4770986,4917494,5053906,5178509,5291704,5395607,5493608,5588179,5680782,5770881,5856766,5935844,6006798,6069275,6125744,6181255,6242504,6314586,6399242,6496087,6605353,6726570,6859206,7003571,7159557,7325463,7498967,7678097,7862276,
